{
  "LMA": {
    "p2": 155.18798248291014,
    "p98": 337.1923162841797,
    "mean": 236.91539001464844
  },
  "Chlorophylls": {
    "p2": 40.100861053466794,
    "p98": 51.13039878845215,
    "mean": 44.9164924621582
  },
  "Sulfur": {
    "p2": 0.5877694392204285,
    "p98": 1.2724714040756224,
    "mean": 0.9393419027328491
  },
  "Phosphorus": {
    "p2": 0.9793536937236786,
    "p98": 1.3972759103775023,
    "mean": 1.1821852922439575
  },
  "Nitrogen": {
    "p2": 10.273761768341064,
    "p98": 20.80298240661621,
    "mean": 15.328349113464355
  },
  "Phenolics": {
    "p2": 53.59965003967285,
    "p98": 84.61008300781249,
    "mean": 68.7707748413086
  },
  "Cellulose": {
    "p2": 121.60485260009766,
    "p98": 162.94488372802735,
    "mean": 145.99778747558594
  },
  "Fiber": {
    "p2": 264.3999755859375,
    "p98": 376.4193481445312,
    "mean": 329.8132629394531
  },
  "Calcium": {
    "p2": 6.908658599853515,
    "p98": 9.879212970733642,
    "mean": 8.103158950805664
  },
  "NSC": {
    "p2": 275.5253631591797,
    "p98": 309.88805725097654,
    "mean": 293.31182861328125
  },
  "Lignin": {
    "p2": 169.04600158691406,
    "p98": 248.2601498413086,
    "mean": 214.0660858154297
  },
  "Starch": {
    "p2": 44.22444458007813,
    "p98": 57.229899902343746,
    "mean": 49.93989944458008
  },
  "Sugar": {
    "p2": 187.30606170654298,
    "p98": 228.07767181396486,
    "mean": 208.31211853027344
  },
  "Potassium": {
    "p2": 4.874797267913818,
    "p98": 8.61670289993286,
    "mean": 6.4487152099609375
  }
}